<?xml version="1.0" encoding="utf-8" ?>
<Sectors>
  <Sector Description="Basic Materials"
          Index="1">
    <Industry Index="112"
              Description="Agricultural Chemicals"/>
    <Industry Index="132"
              Description="Aluminum"/>
    <Industry Index="110"
              Description="Chemicals - Major Diversified"/>
    <Industry Index="131"
              Description="Copper"/>
    <Industry Index="134"
              Description="Gold"/>
    <Industry Index="121"
              Description="Independent Oil &amp; Gas"/>
    <Industry Index="133"
              Description="Industrial Metals &amp; Minerals"/>
    <Industry Index="120"
              Description="Major Integrated Oil &amp; Gas"/>
    <Industry Index="136"
              Description="Nonmetallic Mineral Mining"/>
    <Industry Index="123"
              Description="Oil &amp; Gas Drilling &amp; Exploration"/>
    <Industry Index="124"
              Description="Oil &amp; Gas Equipment &amp; Services"/>
    <Industry Index="125"
              Description="Oil &amp; Gas Pipelines"/>
    <Industry Index="122"
              Description="Oil &amp; Gas Refining &amp; Marketing"/>
    <Industry Index="135"
              Description="Silver"/>
    <Industry Index="113"
              Description="Specialty Chemicals"/>
    <Industry Index="130"
              Description="Steel &amp; Iron"/>
    <Industry Index="111"
              Description="Synthetics"/>
  </Sector>
  <Sector Description="Conglomerates"
          Index="2">
    <Industry Index="210"
              Description="Conglomerates"/>
  </Sector>
  <Sector Description="Consumer Goods"
          Index="3">
    <Industry Index="310"
              Description="Appliances"/>
    <Industry Index="330"
              Description="Auto Manufacturers - Major"/>
    <Industry Index="333"
              Description="Auto Parts"/>
    <Industry Index="346"
              Description="Beverages - Brewers"/>
    <Industry Index="348"
              Description="Beverages - Soft Drinks"/>
    <Industry Index="347"
              Description="Beverages - Wineries &amp; Distillers"/>
    <Industry Index="313"
              Description="Business Equipment"/>
    <Industry Index="350"
              Description="Cigarettes"/>
    <Industry Index="326"
              Description="Cleaning Products"/>
    <Industry Index="345"
              Description="Confectioners"/>
    <Industry Index="344"
              Description="Dairy Products"/>
    <Industry Index="314"
              Description="Electronic Equipment"/>
    <Industry Index="341"
              Description="Farm Products"/>
    <Industry Index="340"
              Description="Food - Major Diversified"/>
    <Industry Index="311"
              Description="Home Furnishings &amp; Fixtures"/>
    <Industry Index="312"
              Description="Housewares &amp; Accessories"/>
    <Industry Index="343"
              Description="Meat Products"/>
    <Industry Index="327"
              Description="Office Supplies"/>
    <Industry Index="325"
              Description="Packaging &amp; Containers"/>
    <Industry Index="324"
              Description="Paper &amp; Paper Products"/>
    <Industry Index="323"
              Description="Personal Products"/>
    <Industry Index="318"
              Description="Photographic Equipment &amp; Supplies"/>
    <Industry Index="342"
              Description="Processed &amp; Packaged Goods"/>
    <Industry Index="317"
              Description="Recreational Goods, Other"/>
    <Industry Index="332"
              Description="Recreational Vehicles"/>
    <Industry Index="322"
              Description="Rubber &amp; Plastics"/>
    <Industry Index="316"
              Description="Sporting Goods"/>
    <Industry Index="320"
              Description="Textile - Apparel Clothing"/>
    <Industry Index="321"
              Description="Textile - Apparel Footwear &amp; Accessories"/>
    <Industry Index="351"
              Description="Tobacco Products, Other"/>
    <Industry Index="315"
              Description="Toys &amp; Games"/>
    <Industry Index="331"
              Description="Trucks &amp; Other Vehicles"/>
  </Sector>
  <Sector Description="Financial"
          Index="4">
    <Industry Index="431"
              Description="Accident &amp; Health Insurance"/>
    <Industry Index="422"
              Description="Asset Management"/>
    <Industry Index="425"
              Description="Closed-End Fund - Debt"/>
    <Industry Index="426"
              Description="Closed-End Fund - Equity"/>
    <Industry Index="427"
              Description="Closed-End Fund - Foreign"/>
    <Industry Index="424"
              Description="Credit Services"/>
    <Industry Index="423"
              Description="Diversified Investments"/>
    <Industry Index="417"
              Description="Foreign Money Center Banks"/>
    <Industry Index="418"
              Description="Foreign Regional Banks"/>
    <Industry Index="434"
              Description="Insurance Brokers"/>
    <Industry Index="420"
              Description="Investment Brokerage - National"/>
    <Industry Index="421"
              Description="Investment Brokerage - Regional"/>
    <Industry Index="430"
              Description="Life Insurance"/>
    <Industry Index="410"
              Description="Money Center Banks"/>
    <Industry Index="447"
              Description="Mortgage Investment"/>
    <Industry Index="432"
              Description="Property &amp; Casualty Insurance"/>
    <Industry Index="448"
              Description="Property Management"/>
    <Industry Index="440"
              Description="REIT - Diversified"/>
    <Industry Index="442"
              Description="REIT - Healthcare Facilities"/>
    <Industry Index="443"
              Description="REIT - Hotel/Motel"/>
    <Industry Index="444"
              Description="REIT - Industrial"/>
    <Industry Index="441"
              Description="REIT - Office"/>
    <Industry Index="445"
              Description="REIT - Residential"/>
    <Industry Index="446"
              Description="REIT - Retail"/>
    <Industry Index="449"
              Description="Real Estate Development"/>
    <Industry Index="412"
              Description="Regional - Mid-Atlantic Banks"/>
    <Industry Index="414"
              Description="Regional - Midwest Banks"/>
    <Industry Index="411"
              Description="Regional - Northeast Banks"/>
    <Industry Index="416"
              Description="Regional - Pacific Banks"/>
    <Industry Index="413"
              Description="Regional - Southeast Banks"/>
    <Industry Index="415"
              Description="Regional - Southwest  Banks"/>
    <Industry Index="419"
              Description="Savings &amp; Loans"/>
    <Industry Index="433"
              Description="Surety &amp; Title Insurance"/>
  </Sector>
  <Sector Description="Healthcare"
          Index="5">
    <Industry Index="515"
              Description="Biotechnology"/>
    <Industry Index="516"
              Description="Diagnostic Substances"/>
    <Industry Index="513"
              Description="Drug Delivery"/>
    <Industry Index="510"
              Description="Drug Manufacturers - Major"/>
    <Industry Index="511"
              Description="Drug Manufacturers - Other"/>
    <Industry Index="514"
              Description="Drug Related Products"/>
    <Industry Index="512"
              Description="Drugs - Generic"/>
    <Industry Index="522"
              Description="Health Care Plans"/>
    <Industry Index="526"
              Description="Home Health Care"/>
    <Industry Index="524"
              Description="Hospitals"/>
    <Industry Index="523"
              Description="Long-Term Care Facilities"/>
    <Industry Index="521"
              Description="Medical Appliances &amp; Equipment"/>
    <Industry Index="520"
              Description="Medical Instruments &amp; Supplies"/>
    <Industry Index="525"
              Description="Medical Laboratories &amp; Research"/>
    <Industry Index="527"
              Description="Medical Practitioners"/>
    <Industry Index="528"
              Description="Specialized Health Services"/>
  </Sector>
  <Sector Description="Industrial Goods"
          Index="6">
    <Industry Index="610"
              Description="Aerospace/Defense - Major Diversified"/>
    <Industry Index="611"
              Description="Aerospace/Defense Products &amp; Services"/>
    <Industry Index="633"
              Description="Cement"/>
    <Industry Index="622"
              Description="Diversified Machinery"/>
    <Industry Index="620"
              Description="Farm &amp; Construction Machinery"/>
    <Industry Index="634"
              Description="General Building Materials"/>
    <Industry Index="636"
              Description="General Contractors"/>
    <Industry Index="635"
              Description="Heavy Construction"/>
    <Industry Index="627"
              Description="Industrial Electrical Equipment"/>
    <Industry Index="621"
              Description="Industrial Equipment &amp; Components"/>
    <Industry Index="632"
              Description="Lumber, Wood Production"/>
    <Industry Index="624"
              Description="Machine Tools &amp; Accessories"/>
    <Industry Index="631"
              Description="Manufactured Housing"/>
    <Industry Index="626"
              Description="Metal Fabrication"/>
    <Industry Index="623"
              Description="Pollution &amp; Treatment Controls"/>
    <Industry Index="630"
              Description="Residential Construction"/>
    <Industry Index="625"
              Description="Small Tools &amp; Accessories"/>
    <Industry Index="628"
              Description="Textile Industrial"/>
    <Industry Index="637"
              Description="Waste Management"/>
  </Sector>
  <Sector Description="Services"
          Index="7">
    <Industry Index="720"
              Description="Advertising Agencies"/>
    <Industry Index="773"
              Description="Air Delivery &amp; Freight Services"/>
    <Industry Index="772"
              Description="Air Services, Other"/>
    <Industry Index="730"
              Description="Apparel Stores"/>
    <Industry Index="744"
              Description="Auto Dealerships"/>
    <Industry Index="738"
              Description="Auto Parts Stores"/>
    <Industry Index="750"
              Description="Auto Parts Wholesale"/>
    <Industry Index="758"
              Description="Basic Materials Wholesale"/>
    <Industry Index="724"
              Description="Broadcasting - Radio"/>
    <Industry Index="723"
              Description="Broadcasting - TV"/>
    <Industry Index="751"
              Description="Building Materials Wholesale"/>
    <Industry Index="760"
              Description="Business Services"/>
    <Industry Index="725"
              Description="CATV Systems"/>
    <Industry Index="739"
              Description="Catalog &amp; Mail Order Houses"/>
    <Industry Index="755"
              Description="Computers Wholesale"/>
    <Industry Index="763"
              Description="Consumer Services"/>
    <Industry Index="731"
              Description="Department Stores"/>
    <Industry Index="732"
              Description="Discount, Variety Stores"/>
    <Industry Index="733"
              Description="Drug Stores"/>
    <Industry Index="756"
              Description="Drugs Wholesale"/>
    <Industry Index="766"
              Description="Education &amp; Training Services"/>
    <Industry Index="735"
              Description="Electronics Stores"/>
    <Industry Index="753"
              Description="Electronics Wholesale"/>
    <Industry Index="722"
              Description="Entertainment - Diversified"/>
    <Industry Index="757"
              Description="Food Wholesale"/>
    <Industry Index="714"
              Description="Gaming Activities"/>
    <Industry Index="716"
              Description="General Entertainment"/>
    <Industry Index="734"
              Description="Grocery Stores"/>
    <Industry Index="737"
              Description="Home Furnishing Stores"/>
    <Industry Index="736"
              Description="Home Improvement Stores"/>
    <Industry Index="752"
              Description="Industrial Equipment Wholesale"/>
    <Industry Index="742"
              Description="Jewelry Stores"/>
    <Industry Index="710"
              Description="Lodging"/>
    <Industry Index="770"
              Description="Major Airlines"/>
    <Industry Index="769"
              Description="Management Services"/>
    <Industry Index="721"
              Description="Marketing Services"/>
    <Industry Index="754"
              Description="Medical Equipment Wholesale"/>
    <Industry Index="726"
              Description="Movie Production, Theaters"/>
    <Industry Index="743"
              Description="Music &amp; Video Stores"/>
    <Industry Index="762"
              Description="Personal Services"/>
    <Industry Index="729"
              Description="Publishing - Books"/>
    <Industry Index="727"
              Description="Publishing - Newspapers"/>
    <Industry Index="728"
              Description="Publishing - Periodicals"/>
    <Industry Index="776"
              Description="Railroads"/>
    <Industry Index="771"
              Description="Regional Airlines"/>
    <Industry Index="761"
              Description="Rental &amp; Leasing Services"/>
    <Industry Index="768"
              Description="Research Services"/>
    <Industry Index="711"
              Description="Resorts &amp; Casinos"/>
    <Industry Index="712"
              Description="Restaurants"/>
    <Industry Index="765"
              Description="Security &amp; Protection Services"/>
    <Industry Index="775"
              Description="Shipping"/>
    <Industry Index="713"
              Description="Specialty Eateries"/>
    <Industry Index="745"
              Description="Specialty Retail, Other"/>
    <Industry Index="715"
              Description="Sporting Activities"/>
    <Industry Index="740"
              Description="Sporting Goods Stores"/>
    <Industry Index="764"
              Description="Staffing &amp; Outsourcing Services"/>
    <Industry Index="767"
              Description="Technical Services"/>
    <Industry Index="741"
              Description="Toy &amp; Hobby Stores"/>
    <Industry Index="774"
              Description="Trucking"/>
    <Industry Index="759"
              Description="Wholesale, Other"/>
  </Sector>
  <Sector Description="Technology"
          Index="8">
    <Industry Index="821"
              Description="Application Software"/>
    <Industry Index="826"
              Description="Business Software &amp; Services"/>
    <Industry Index="841"
              Description="Communication Equipment"/>
    <Industry Index="812"
              Description="Computer Based Systems"/>
    <Industry Index="815"
              Description="Computer Peripherals"/>
    <Industry Index="813"
              Description="Data Storage Devices"/>
    <Industry Index="846"
              Description="Diversified Communication Services"/>
    <Industry Index="810"
              Description="Diversified Computer Systems"/>
    <Industry Index="836"
              Description="Diversified Electronics"/>
    <Industry Index="825"
              Description="Healthcare Information Services"/>
    <Industry Index="827"
              Description="Information &amp; Delivery Services"/>
    <Industry Index="824"
              Description="Information Technology Services"/>
    <Industry Index="851"
              Description="Internet Information Providers"/>
    <Industry Index="850"
              Description="Internet Service Providers"/>
    <Industry Index="852"
              Description="Internet Software &amp; Services"/>
    <Industry Index="843"
              Description="Long Distance Carriers"/>
    <Industry Index="820"
              Description="Multimedia &amp; Graphics Software"/>
    <Industry Index="814"
              Description="Networking &amp; Communication Devices"/>
    <Industry Index="811"
              Description="Personal Computers"/>
    <Industry Index="835"
              Description="Printed Circuit Boards"/>
    <Industry Index="842"
              Description="Processing Systems &amp; Products"/>
    <Industry Index="837"
              Description="Scientific &amp; Technical Instruments"/>
    <Industry Index="823"
              Description="Security Software &amp; Services"/>
    <Industry Index="830"
              Description="Semiconductor - Broad Line"/>
    <Industry Index="833"
              Description="Semiconductor - Integrated Circuits"/>
    <Industry Index="832"
              Description="Semiconductor - Specialized"/>
    <Industry Index="834"
              Description="Semiconductor Equipment &amp; Materials"/>
    <Industry Index="831"
              Description="Semiconductor- Memory Chips"/>
    <Industry Index="822"
              Description="Technical &amp; System Software"/>
    <Industry Index="844"
              Description="Telecom Services - Domestic"/>
    <Industry Index="845"
              Description="Telecom Services - Foreign"/>
    <Industry Index="840"
              Description="Wireless Communications"/>
  </Sector>
  <Sector Description="Utilities"
          Index="9">
    <Industry Index="913"
              Description="Diversified Utilities"/>
    <Industry Index="911"
              Description="Electric Utilities"/>
    <Industry Index="910"
              Description="Foreign Utilities"/>
    <Industry Index="912"
              Description="Gas Utilities"/>
    <Industry Index="914"
              Description="Water Utilities"/>
  </Sector>
</Sectors>